state,name,id,ncesName,ncesID
AK,Delta/Greely School District,93562,,200100
AK,Matanuska-Susitna Borough School District,31585,,200510
AK,Saint Mary's School District,64746,,NA
AK,Yukon-Koyukuk School District,30414,,200862
AL,Cullman County Commission on Education,163742,,101020
AR,Arkansas River Educational Service Cooperative,188464,,NA
AR,Boston Mountain Educational Cooperative,44870,,NA
AR,Brinkley School District No. 8,1027233,,503630
AR,Cross County School District No. 7,98665,,NA
AR,Crowley's Ridge Education Service Cooperative,30759,,NA
AR,Dawson Educational Cooperative,56143,,NA
AR,Dequeen-Mena Educational Service Cooperative,30778,,NA
AR,Great Rivers Educational Service Cooperative,98693,,NA
AR,Guy Fenter Education Service Cooperative,30709,,NA
AR,Hoxie School District No. 46,1027272,,NA
AR,Kipp Delta Public Schools,50412,,NA
AR,Mulberry School District No. 101,145849,,NA
AR,Northcentral Arkansas Education Service Cooperative,101680,,NA
AR,Northeast Arkansas Educational Cooperative,101681,,NA
AR,Northwest Arkansas Education Service Cooperative,43818,,NA
AR,Ozarks Unlimited Resources Educational Cooperative,229576,,NA
AR,Parkers Chapel School District No. 35,98768,,NA
AR,Searcy Special School District,108526,,NA
AR,South Central Service Cooperative,101689,,NA
AR,South Side School District No. 2,145861,,NA
AR,Southwest Arkansas Educational Cooperative,188490,,NA
AR,Special Procedures on Selected School Districts,108527,,NA
AR,West Side School District No. 4,145868,,NA
AR,Wilbur D. Mills Education Service Cooperative,188500,,NA
AZ,Chilchinbeto Community School Inc,45860,,NA
AZ,Pima County Joint Technical Education District No. 11,223740,,NA
AZ,St. Johns Unified School District No. 1,30515,,NA
AZ,Toltec Elementary School District No. 22,171213,,408550
CA,Alpine County Office of Education,67002,,NA
CA,Amethod Public Schools,171010,,NA
CA,Beardsley Elementary School District,31159,Beardsley School District,604260
CA,Bitterwater-Tully Union School District,145945,Bitterwater-Tully Union Elementary School District,605190
CA,Bolinas-Stinson Union School District,145952,Bolinas-Stinson Union Elementary School District,605520
CA,Community Collaborative Virtual School,169346,,NA
CA,Contra Costa County Special Education Local Plan Area,45569,,NA
CA,Cutler-Orosi Joint Unified School District,108402,Cutler Orosi Joint Unified School District,610350
CA,East San Gabriel Valley Regional Occupational Program,31259,,NA
CA,El Segundo Unified School District,44062,E L Segundo Unified School District,612210
CA,Elkins Elementary School District,146108,,NA
CA,Fresno County Superintendent of Schools,67306,,NA
CA,Greater Anaheim Special Education Local Plan Area,47326,,NA
CA,Hope Elementary School District,146216,,NA
CA,Hospitality Industry Training and Education Fund,188694,,NA
CA,Inyo County Office of Education,93657,,NA
CA,Island Union Elementary School District,146232,,NA
CA,Kings River-Hardwick Union School District,98877,,NA
CA,Latrobe School District,146296,Latrobe Elementary School District,621180
CA,Peninsula Union School District,146497,Peninsula Union Elementary School District,630090
CA,Placerville Union Elementary School District,91072,Placerville Union School District,630780
CA,Point Arena Schools District,167205,,NA
CA,Rio Bravo-Greeley Union Elementary School District,51579,Rio Bravo-Greeley Union School District,632710
CA,San Mateo-Foster City School District,67826,San Mateo Foster City Elementary School District,634920
CA,Sausalito Marin City School District,67849,Sausalito Marin City Elementary School District,636000
CA,South Bay Union Elementary School District,146666,,NA
CA,South Fork Union School District,146667,South Bay Union Elementary School District (Humboldt County),637350
CA,Spreckels Union School District,1140030,Spreckels Union Elementary School District,637710
CA,Sulphur Springs Union School District,67938,Sulphur Springs Union Elementary School District,638220
CA,Tuolumne County Superintendent of Schools,45608,Tuolumne County office of Education,691046
CA,Two Rock Union School District,146729,,NA
CA,Valley Center-Pauma Unified School District,47336,Valley Center Pauma Unified School District,600069
CA,Vista Charter Public Schools Inc.,169748,,NA
CA,Vista Del Mar Union School District,146751,Vista Del Mar Union Elementary School District,641220
CA,Washington Unified School District (Yolo County),146760,,NA
CA,Woodville Union School District,65329,Woodville Elementary School District,643170
CO,Arapahoe County School District No. 1,32037,,NA
CO,Arapahoe County School District No. 6,41980,,NA
CO,Aspen School District No. 1 (Re),167273,Aspen School District Re,802280
CO,Center Consolidated School District No. 26jt,68071,Center Consolidated School District 26 Jt,802850
CO,Colorado River Board of Cooperative Educational Services,59201,,NA
CO,Conejos School District No. 6j,223911,,NA
CO,Crowley County School District No. RE-1-J,223912,Crowley County School District Number Re-1-J,803210
CO,Douglas County School District RE. 1,32045,Douglas County School District Re.1,803450
CO,Eagle County School District Re50j,196443,Eagle County Schools District,803540
CO,East Central Board of Cooperative Educational Services,32066,,NA
CO,El Paso County School District #22,50906,,NA
CO,El Paso County School District No. 14,223917,,NA
CO,El Paso County School District No. 38,50907,,NA
CO,El Paso County School District No. 8,32049,,NA
CO,Freemont County School District RE-2,167280,Fremont County School District Number Re-2,803960
CO,Gunnison Watershed School District RE-1J,32056,Gunnison Watershed School District Re-1,804470
CO,Joint School District No. 28-J of the Counties of Adams and Arapahoe,32038,,NA
CO,Lake County School District,32058,Lake County School District R-1,805190
CO,Las Animas County School District No. RE-1,93770,Las Animas County School District Number Re-1,805250
CO,Mapleton Public Schools,32031,Mapleton Public Schools Adams County School District No 1,805550
CO,Montezuma County (Cortez) School District RE-1,32070,Montezuma County Cortez School District Re-1,803090
CO,Northeast Colorado Board of Cooperative Educational Services,32075,,NA
CO,Northwest Colorado Board of Cooperative Educational Services,41619,,NA
CO,Pagosa Peak Open School,171026,,NA
CO,Pikes Peak Board of Cooperative Educational Services,46642,,NA
CO,Salida School District No. R-32-J,32041,,NA
CO,San Juan Board of Cooperative Educational Services,32062,,NA
CO,San Luis Valley Boces,32035,,NA
CO,Santa Fe Trail Boces,46575,,NA
CO,South Central BOCES,32080,,NA
CO,Southeastern BOCES,93774,,NA
CO,St. Vrain Valley School District RE-1J,32039,St Vrain Valley School District Re-1J,805370
CO,Weld County School District No. 6,32085,,NA
CO,Weld County School District Re-8,40218,,NA
CO,Woodland Park School District Number RE-2,32084,Woodland Park School District Re-2,807380
CT,Capitol Regional Education Council,32208,,NA
CT,Eastern Connecticut Regional Educational Service Center,68203,,NA
CT,Pomperaug Regional School District No. 15,32209,,NA
CT,Regional School District No. 11,155925,,NA
CT,Regional School District No. 14,98974,,NA
CT,Regional School District No. 7,68355,Regional School District Number 7,903720
CT,Regional Supervision District Board of Education,68357,,NA
CT,Shepaug Regional School District 12,98978,,NA
DE,Tarbiyah School,398306,,NA
FL,Andrews High School,68492,,NA
FL,Aventura City of Excellence School,68544,,NA
FL,Biscayne High School,68624,,NA
FL,Byrneville Elementary School,68709,,NA
FL,C.G. Bethel High School,103106,,NA
FL,Chambers High School,68768,,NA
FL,Creative Inspiration Journey of St. Cloud,399040,,NA
FL,Don Soffer Aventura High School,399046,,NA
FL,Dr. Kiran C. Patel High School,399051,,NA
FL,Flora Ridge Educational Facilities Benefit District,1063388,,NA
FL,Lake Wales Senior High School,399128,,NA
FL,Lone Star High School,69573,,NA
FL,Mcintosh Area School,69672,,NA
FL,Micanopy Area Cooperative School,69708,,NA
FL,Nature Coast Middle School,69750,,NA
FL,New Beginnings High School,69754,,NA
FL,New Springs Elementary School,399164,,NA
FL,Palm Pointe Educational Research School at Tradition,69899,,NA
FL,Pensacola Beach Elementary School,69946,,NA
FL,Polk Avenue Elementary School,70017,,NA
FL,Suncoast School for Innovative Studies,70393,,NA
FL,Suned High of South Broward,399262,,NA
FL,Sunrise High School,105055,,NA
FL,Sunshine High School Greater Orlando Campus,399264,,NA
FL,Terrace Community Middle School,70440,,NA
FL,The Einstein School,70451,,NA
FL,The Florida School for the Deaf and the Blind,157127,,NA
FL,"The Seaside School, Inc.",70468,,NA
GA,Buford City Schools,99008,,NA
GA,Central Savannah River Area RESA,189191,,NA
GA,Chattahoochee Flint RESA,189193,,NA
GA,Coastal Plains RESA,189196,,NA
GA,First District RESA,189208,,NA
GA,Griffin RESA,189214,,NA
GA,Heart of Georgia RESA,189218,,NA
GA,Middle Georgia RESA,189228,,NA
GA,North Georgia Regional Educational Service Agency,189235,,NA
GA,Northwest Georgia Regional Educational Service Agency,189236,,NA
GA,Oconee RESA,189237,,NA
GA,Okefenokee RESA,189239,,NA
GA,Pioneer RESA,189242,,NA
GA,Southwest Georgia RESA,189250,,NA
GA,The Metropolitan RESA,189227,,NA
GA,West Georgia RESA,189263,,NA
IA,Cardinal of Eldon Community School District,162812,Cardinal Community School District,1906240
IA,Central Rivers Area Education Agency 267,50262,,NA
IA,Grant Wood Area Education Agency 10,33361,,NA
IA,Great Prairie Area Education Agency,52626,,NA
IA,Green Hills Aea,33420,,NA
IA,Iowa Education Benefits Program,163018,,NA
IA,Iowa Star School 28e Retention Pool Trust,169574,,NA
IA,Janesville Consolidated School District,163034,Janesville Community School District,1915180
IA,Keystone Area Education Agency 1,33371,,NA
IA,Martensdale-St. Marys Community School District,163082,Martensdale-St. Mary'S Community School District,1918750
IA,MFL MarMac Community School District,163067,Mfl Mar Mac Community School District,1918120
IA,Mississippi Bend Area Education Agency 9,163090,,NA
IA,Prairie Lakes Area Education Agency,165780,,NA
IA,Treasurer of State Iowa Educational Savings Plan Trust,163249,,NA
IA,West Lyon Community School District No. 60,163289,West Lyon Community School District,1931020
ID,Homedale Joint School District No. 370,32740,,NA
ID,Joint School District No. 21,32701,,NA
ID,Joint School District No.2,32700,,NA
IL,B-M-P Tri-County Special Education Cooperative,47478,,NA
IL,Burr Ridge Community Consolidated School District 180,51824,,NA
IL,Capital Area Career Center,45120,,NA
IL,Career Center of Southern Illinois,42411,,NA
IL,Community Consolidated School District 15,32944,,NA
IL,Community Consolidated School District 181,53271,,NA
IL,Community Consolidated School District No. 65,44008,,NA
IL,Community Unit School District 100,42064,,NA
IL,Community Unit School District No. 140,65415,,NA
IL,Cook County School District 130,32902,,NA
IL,Cook County School District 151,32952,,NA
IL,Cooperative Association for Special Education,47194,,NA
IL,Dixon Public School District No. 170,33055,Dixon Unit School District 170,1712330
IL,Dolton West School District 148,32916,Dolton School District 149,1712420
IL,East St. Louis Area Joint Agreement,33122,,NA
IL,Echo Joint Agreement,32962,,NA
IL,Kaskaskia Special Education District 801,167480,Kaskaskia Special Education District,1700074
IL,La Grange School District 105 South,1238171,,NA
IL,LaGrange School District No. 102,32929,,NA
IL,Legacy Law School Corporation,169869,,NA
IL,Leyden Area Special Education,169390,,NA
IL,Nokomis Community Unit School District #22,189380,,NA
IL,North Clay Community Unit School District #25,189381,,NA
IL,Posen-Robbins School District 143 1/2,32947,Posen-Robbins Elementary School District 143 1/2,1732370
IL,Skokie/Morton Grove School District No. 69,46301,,NA
IL,Southern Will County Cooperative for Special Education,33161,,NA
IL,Special Education District of Lake County Seja District No. 825,167533,Special Education District of Lake County,1700059
IL,Special Education District of Mchenry County,41935,,NA
IL,Triad Community Unit School District No. 2,33084,Triad Community Unit District No.2,1737350
IL,Valley View Public School Community Unit School District No. 365-U,33159,Valley View Public Schools Community Unit District,1740070
IL,Vandalia Community Unit School District #203,50359,Vandalia Community Unit School District 203,1740140
IN,Admas Central Community Schools - Ecas,196595,,NA
IN,Alexandria Community School Corporation - Ecas,197188,,NA
IN,Argos Community Schools,203683,,NA
IN,Argos Community Schools - Eca,197190,,NA
IN,Attica Consolidate School Corporation - Ecas,197194,,NA
IN,Attica Consolidated School Corporation,203684,,NA
IN,Avon Community School Corporation - Ecas,199948,,NA
IN,Barr-Reeve Community Schools Inc,43700,,NA
IN,Bartholomew Consol School Corporation - Eca,196599,,NA
IN,Baugo Community Schools - Ecas,197195,,NA
IN,Bloomfield School District,199949,,NA
IN,Bloomfield School District - Ecas,189420,,NA
IN,Bluffton-Harrison Metropolitan School District,43269,,NA
IN,Bremen Public Schools - Ecas,197197,,NA
IN,Brownsburg Community School Corporation - Ecas,199953,,NA
IN,Brownstown Central Comm School Corporation-Ecas,197198,,NA
IN,Cannelton City Schools,401517,,NA
IN,Carroll Consolidated School Corporation - Ecas,189441,,NA
IN,Caston School Corporation,199955,,NA
IN,Caston School Corporation - Ecas,189443,,NA
IN,Centerville-Abington Com School Corporation,207299,,NA
IN,Clark-Pleasant Comm School Corporation - Ecas,203843,,NA
IN,Clarksville Community School Corporation - Ecas,189449,,NA
IN,Clay Community Schools - Ecas,189450,,NA
IN,Clinton-Prairie School Corporation Ecas,189451,,NA
IN,Concord Community Schools - Ecas,197205,,NA
IN,Covington Community School Corporation,199959,,NA
IN,Covington Community School Corporation - Ecas,197206,,NA
IN,Cowan Community School Corporation,203188,,NA
IN,Cowan Community School Corporation - Ecas,199960,,NA
IN,Daleville Community Schools,147795,,NA
IN,Daleville Community Schools - Ecas,199962,,NA
IN,Danville Community School Corporation - Ecas,199963,,NA
IN,Daviess-Martin Special Education Cooperative,189469,,NA
IN,Decatur County Community Schools - Ecas,189470,,NA
IN,Dekalb County Central Unit School Dist - Eca,199964,,NA
IN,Dekalb County Central Unit School District - Eca,1027379,,NA
IN,Dekalb County East Comm School Dist - Ecas,199965,,NA
IN,Dekalb County East Comm School District - Ecas,1027380,,NA
IN,Delaware Community School Corporation - Ecas,199966,,NA
IN,Dugger Union Community School Corporation,148182,,NA
IN,Duneland School Corporation - Ecas,196637,,NA
IN,East Gibson School Corporation,169576,,NA
IN,East Gibson School Corporation - Ecas,189479,,NA
IN,East Noble School Corporation - Ecas,401524,,NA
IN,East Washington School Corporation - Ecas,199969,,NA
IN,Eastbrook Community School Corporation - Ecas,189480,,NA
IN,Eastern Hancock County Comm School Corporation Ecas,189483,,NA
IN,Elwood Community School Corporation - Ecas,197210,,NA
IN,Fairfield Community Schools - Ecas,197211,,NA
IN,Flat Rock-Haw Creek School Corporation,203848,,NA
IN,Flat Rock-Hawcreek School Corporation - Ecas,196646,,NA
IN,Franklin Community School Corporation - Ecas,203845,,NA
IN,Franklin County Community School Corporation,43653,,NA
IN,Franklin County Community School Corporation - Ecas,189500,,NA
IN,Franklin Township Community School Corporation - Eca,197212,,NA
IN,Frankton-Lapel Comm School Corporation - Ecas,197213,,NA
IN,Fremont Community Schools - Ecas,401527,,NA
IN,Frontier School Corporation,199973,,NA
IN,Frontier School Corporaton - Ecas,199974,,NA
IN,Gary Community School Corporation - Ecas,401530,,NA
IN,Goshen Community Schools - Ecas,197214,,NA
IN,Greene-Sullivan Special Education County-Op,189511,,NA
IN,Greensburg Community Schools - Ecas,189515,,NA
IN,Greenwood Community School Corporation - Ecas,203846,,NA
IN,Hamilton Community Schools,200497,,NA
IN,Hamilton Community Schools - Ecas,401535,,NA
IN,Hammond School City,820605,,NA
IN,Hanover Community School Corporation - Ecas,401536,,NA
IN,Huntington County Community School Corporation Ecas,189535,,NA
IN,Irvington Community School,188136,,NA
IN,Jac-Cen-Del Community School Corporation,189545,,NA
IN,Jac-Cen-Del Community School Corporation - Ecas,189546,,NA
IN,Jay School Corporation,169577,,NA
IN,Jay School Corporation - Ecas,197215,,NA
IN,Kankakee Valley School Corporation - Eca,197216,,NA
IN,Kokomo School Corporation - Ecas,189552,,NA
IN,Lake Central School Corporation - Ecas,401548,,NA
IN,Lake Station Community Schools - Ecas,401550,,NA
IN,Lebanon Community School Corporation - Ecas,189565,,NA
IN,Liberty-Perry Community School Corporation Ecas,199986,,NA
IN,Loogootee Community School Corporation - Ecas,197217,,NA
IN,Manchester Community Schools - Ecas,401553,,NA
IN,Metropolitan School District of Lawrence Township,170638,,NA
IN,Metropolitan School District of Pike Township,169579,,NA
IN,Middlebury Community Schools - Ecas,197220,,NA
IN,Milan Community Schools - Ecas,189581,,NA
IN,Monroe-Gregg School District - Ecas,401556,,NA
IN,Mooresville Consol School Corporation - Ecs,401558,,NA
IN,N Vermillion Community School Corporation,199989,,NA
IN,N Vermillion Community School Corporation - Eca,401562,,NA
IN,Neighbors' Educational Opportunities,168499,,NA
IN,New Prairie United School Corporation - Ecas,401564,,NA
IN,Norht Newton School Corporation - Ecas,401567,,NA
IN,North Central Parke Comm School - Ecas,196713,,NA
IN,North Daviess Community Schools - Ecas,189606,,NA
IN,North Gibson School Corporation - Ecas,189607,,NA
IN,North Judson-San Pierre School Corporation,33292,,NA
IN,North Knox School Corporation - Ecas,203847,,NA
IN,North Lawrence Community Schools - Ecas,189610,,NA
IN,North Miami Community Schools,199990,,NA
IN,North Miami Community Schools - Ecas,197225,,NA
IN,North Montgomery Comm School Corporation - Ecas,281373,,NA
IN,North Newton School Corporation Ecas,401570,,NA
IN,North Posey County Metropolitan School District,171341,,NA
IN,Northeast Dubois County School Corporation,200498,,NA
IN,Northeast Dubois County School Corporation - Ecas,199991,,NA
IN,Northern Wells Community Schools - Ecas,199992,,NA
IN,Oregon-Davis School Corporation,200499,,NA
IN,Oregon-Davis School Corporation - Ecas,401572,,NA
IN,Orleans Community Schools,48805,,NA
IN,Orleans Community Schools - Ecas,196717,,NA
IN,Peru Community Schools - Ecas,197227,,NA
IN,Pioneer Regional School Corporation,207300,,NA
IN,Pioneer Regional School Corporation-Ecas,189627,,NA
IN,Plainfield Community School Corporation - Ecas,199994,,NA
IN,Prairie Heights Comm School Corporation - Ecas,197228,,NA
IN,Randolph Southern School Corporation,203849,,NA
IN,Randolph Southern School Corporation - Ecas,189634,,NA
IN,Ripley Ohio Dearborn Special Ed Cooperative,189637,,NA
IN,Rising Sun-Ohio County Comm School Corporation-Ecas,401574,,NA
IN,Rochester Community School Corporation - Ecas,189640,,NA
IN,Rossville Consolidated School Dist - Eca,189643,,NA
IN,S Vermillion Comm School Corporation - Ecas,401576,,NA
IN,School City of Hobart - Ecas,401577,,NA
IN,School City of Whiting - Ecas,401579,,NA
IN,School Town of Munster - Ecas,401580,,NA
IN,Scott County School District 1 - Ecas,189653,,NA
IN,Scott County School District 2 - Ecas,189654,,NA
IN,Scott County School District No. 1,1027404,,NA
IN,Scott County School District No. 2,1027387,,NA
IN,Sheridan Community Schools - Ecas,189655,,NA
IN,Shoals Community School Corporation,200500,,NA
IN,Shoals Community School Corporation - Ecas,197230,,NA
IN,South Dearborn Comm School Corporation - Ecas,189658,,NA
IN,South Henry School Corporation,200000,,NA
IN,South Henry School Corporation - Ecas,199999,,NA
IN,South Knox School Corporation - Ecas,203851,,NA
IN,South Madison Community School Corporation-Ecas,197231,,NA
IN,South Montgomery Comm School Corporation - Ecas,281372,,NA
IN,Southern Wells Community Schools,200002,,NA
IN,Southern Wells Community Schools - Ecas,200001,,NA
IN,Southwest Park Comm School Corporation - Ecas,196744,,NA
IN,Spencer-Owen Community Schools - Ecas,196747,,NA
IN,Switzerland County School Corporation - Ecas,401588,,NA
IN,The Bloomington Project School,148225,,NA
IN,Tippecanoe School Corporation - Ecas,401589,,NA
IN,Tipton Community School Corporation - Ecas,401590,,NA
IN,Tri-Central Community Schools - Ecas,401597,,NA
IN,Tri-County School Corporation,211082,,NA
IN,Tri-County School Corporation - Ecas,200006,,NA
IN,Tri-Creek School Corporation - Ecas,401598,,NA
IN,Triton School Corporation,200007,,NA
IN,Triton School Corporation - Ecas,197235,,NA
IN,Twin Lakes School Corporation - Ecas,200008,,NA
IN,Union School Corporation - Ecas,189678,,NA
IN,Vigo County School Corporation - Ecas,401602,,NA
IN,Vincennes Community School Corporation - Ecas,203852,,NA
IN,Wa-Nee Community Schools - Ecas,197236,,NA
IN,Warrick County School Corporation - Ecas,200010,,NA
IN,Warsaw Community Schools - Ecas,197237,,NA
IN,Wes-Del Community School Corporation - Ecas,200011,,NA
IN,West Central School Corporation,169581,,NA
IN,West Central School Corporation - Ecas,189703,,NA
IN,West Noble School Corporation - Ecas,401609,,NA
IN,West Washington School Corporation,42841,,NA
IN,West Washington School Corporation - Ecas,200012,,NA
IN,Western Boone School Corporation - Ecas,189704,,NA
IN,Western School Corporation - Ecas,189705,,NA
IN,Westview School Corporation - Ecas,197238,,NA
IN,White River Valley School District,43707,,NA
IN,White River Valley School District - Eca,189710,,NA
IN,Whitely County Cnsld School Corporation - Ecas,200014,,NA
IN,Whitko Community School Corporation - Ecas,197239,,NA
KS,A.N.W. Special Education Cooperative No. 603,33478,,NA
KS,Bourbon County Unified School District 234,33483,,NA
KS,Butler County Special Education Interlocal No. 638,57453,,NA
KS,Fort Leavenworth Unified School District No. 207,33522,Fort Leavenworth USD 207,2006330
KS,Gardner Edgerton Unified School District No. 231,42652,Gardner Unified School District No. 231,2006420
KS,High Plains Educational Cooperative District Number 611,33509,,NA
KS,Interlocal No. 608 Northeast Kansas Education Service Center,74721,,NA
KS,North Central Kansas Special Education Cooperative Interlocal 636,48557,,NA
KS,Reno County Education Cooperative No. 610,33543,,NA
KS,Sedgwick County Area Educational Services Interlocal Cooperative,33554,,NA
KS,Shawnee Mission Union School District No. 512,196794,,NA
KS,South Central Kansas Special Education Cooperative,41717,,NA
KS,Southeast Kansas Education Service Center,40507,,NA
KS,Southeast Kansas Special Education Interlocal 637,49456,,NA
KS,Southwest Kansas Area Cooperative District No 613,58420,,NA
KS,Southwest Plains Regional Service Center Unified School District No. 626,47229,,NA
KS,Tri-County Special Education Cooperative No. 607,33532,,NA
KS,Unified School Distrct No. 379,167602,,NA
KS,Unified School District No. 230,42799,,NA
KS,Unified School District No. 249,167601,Unified School Distrcit 249,2006300
KS,Unified School District No. 364,167610,,NA
KS,Unified School District No. 373,169692,,NA
KS,Unified School District No. 418,33525,,NA
KY,Fulton County School District,33659,Fulton Independent School District,2102070
KY,Russell County School District,33734,Russell Independent School District,2105130
KY,West Kentucky Educational Cooperative,41857,,NA
LA,Bienville Parish Tax Agency Fund of the Bienville Parish School Board,75111,,NA
LA,Bossier Parish School Board - Bossier Education Excellence Fund,168506,,NA
LA,City of Central School Board,75380,,NA
LA,Lafourche Parish Special Education District No 1,76144,,NA
LA,Louisiana School Employees Retirement System,76312,,NA
LA,Washington Parish School Board - Wesley Ray Elementary School Cash Activity Account,168586,,NA
MA,Diman Regional Vocational Technical High School,196825,,NA
MA,Lower Pioneer Valley Educational Collaborative,171166,,NA
MA,Seven Hills Charter Public School,189865,,NA
ME,Central Lincoln County School System,54385,,NA
ME,Indian Township Passamaquoddy School Committee,93954,,NA
ME,Maine School Administrative District No. 1,33925,,NA
ME,Maine School Administrative District No. 46,33940,,NA
ME,Maine School Administrative District No. 64,1035655,,NA
ME,School Administrative District No. 27,167738,M.S.A.D 27,2311100
MI,Adams Schools,161847,,NA
MI,Allegan Area Educational Service Agency,34336,,NA
MI,Alpena-Montmorency-Alcona Educational Service District,34338,,NA
MI,Arenac Eastern School District,161439,,NA
MI,Barry Intermediate School District,161432,,NA
MI,Bay-Arenac Community High School,161443,,NA
MI,Bay-Arenac ISD,34351,,NA
MI,Berrien Regional Education Service Agency,161444,,NA
MI,Big Burning School,161547,,NA
MI,Black River Public School,161627,,NA
MI,Branch Intermediate School District,161452,,NA
MI,Branch Line School,161644,,NA
MI,Breckenridge Community School District,160817,Breckenridge Community Schools,2606630
MI,Burt Township School District No. 2,161625,,NA
MI,C.O.O.R. Intermediate School District,34614,,NA
MI,Calhoun Intermediate School District,34372,,NA
MI,Charlevoix-Emmet Intermediate School District,161477,,NA
MI,Chatfield School,161564,,NA
MI,Cheboygan-Otsego-Presque Isle Educational Service District,161483,,NA
MI,Clare-Gladwin Regional Education Service District,41874,,NA
MI,Clinton County Regional Educational Service Agency,161492,,NA
MI,"Coon School, Berlin Township School District #3",161539,,NA
MI,Copper Country Intermediate School District,34437,,NA
MI,Cornerstone Health & Technology High School,161671,,NA
MI,Delta-Schoolcraft Intermediate School District,161499,,NA
MI,Detroit Public Schools,161679,,NA
MI,Dickinson-Iron Intermediate School District,161502,,NA
MI,Dr. Joseph F. Pollack Academic Center of Excellence,161686,,NA
MI,Eastern Upper Peninsula Intermediate School District,34385,,NA
MI,Eaton Regional Education Service Agency,161507,,NA
MI,Eccles School,161848,,NA
MI,Excelsior District No. 1,161693,Excelsior Township School District 1,2613680
MI,Flex High School of Michigan,161513,,NA
MI,Flextech High School,161584,,NA
MI,Flextech High School Shepherd,161531,,NA
MI,Francis Street Primary School,161568,,NA
MI,Genesee School District #6,161517,,NA
MI,Gogebic-Ontonagon Intermediate School District,161533,,NA
MI,Gratiot-Isabella Regional Education Service District,161534,,NA
MI,Hillsdale County Intermediate School District,161578,,NA
MI,Honey Creek Community School,161653,,NA
MI,Huron Intermediate School District,161585,,NA
MI,Ingham Intermediate School District,161586,,NA
MI,Ionia County Intermediate School District,161587,,NA
MI,Iosco Regional Educational Service Agency,161589,,NA
MI,Jackson County Intermediate School District,161590,,NA
MI,Kalamazoo Regional Educational Service Agency,161596,,NA
MI,Kensington Woods Schools,161597,,NA
MI,Kent Intermediate School District,161598,,NA
MI,Kingsbury Country Day School,161737,,NA
MI,Lakeshore Public School,161454,,NA
MI,Lapeer County Intermediate School District,161606,,NA
MI,Lenawee Intermediate School District,161607,,NA
MI,Lewis Cass Intermediate School District,161609,,NA
MI,Livingston Educational Service Agency,161614,,NA
MI,Macomb Intermediate School District,1091484,,NA
MI,Manistee Intermediate School District,161619,,NA
MI,Marquette-Alger Regional Educational Service Agency,161754,,NA
MI,Mason County Eastern School District,161656,,NA
MI,Mecosta-Osceola Intermediate School District,161761,,NA
MI,Melvindale-Northern Allen Park Public Schools,1238558,,NA
MI,Menominee County Intermediate School District,161765,,NA
MI,Midland County Educational Service Agency,34544,,NA
MI,Monroe County Intermediate School District,161773,,NA
MI,Montcalm Area Intermediate School District,161774,,NA
MI,Muskegon Area Intermediate School District,1091490,,NA
MI,Newaygo County Regional Educational Service Agency,161795,,NA
MI,NexTech High School,161797,,NA
MI,North Dickinson County School District,161509,,NA
MI,"North LeValley School, Ionia Township School District #2F",161588,,NA
MI,Oakland FlexTech High School,169609,,NA
MI,Oakland Schools,41824,,NA
MI,Old Mission Peninsula School,161809,,NA
MI,Ottawa Area Intermediate School District,161813,,NA
MI,Public Schools of the City of Muskegon,161785,,NA
MI,Redford Township District Library,281394,,NA
MI,River School - Sodus Township #5,161465,,NA
MI,Riverside School - Hagar Township #6,161447,,NA
MI,Sanilac Intermediate School District,161842,,NA
MI,School District of the City of East Lansing,161558,,NA
MI,School District of the City of Highland Park,161720,,NA
MI,School District of the City of Inkster,161845,,NA
MI,School District of the City of Muskegon Heights,161783,,NA
MI,School District of the City of Saginaw,161839,,NA
MI,Shiawassee Regional Educational Service District,42599,,NA
MI,St. Joseph County Intermediate School District,1091502,,NA
MI,The Greenspire School,161865,,NA
MI,The James and Grace Lee Boggs School,161866,,NA
MI,Traverse Bay Area Intermediate School District,161871,,NA
MI,Tuscola Intermediate School District,161874,,NA
MI,University Prep Art and Design,190004,,NA
MI,Van Buren Intermediate School District,34656,,NA
MI,Verona Mills School,161884,,NA
MI,Washtenaw Intermediate School District,161897,,NA
MI,Wayne County Regional Educational Service Agency,161900,,NA
MI,West Shore Educational Service District,55945,,NA
MI,Wexford Missaukee Intermediate School District,161910,,NA
MI,Windover High School,161918,,NA
MI,Woodland School,161920,,NA
MN,Area Special Education Cooperative,167796,,NA
MN,Educational Cooperative Service Unit of the Metropolitan Twin Cities Area,103115,,NA
MN,Farmington Independent School District No. 192,196916,,NA
MN,Independent School District 2142,34898,,NA
MN,Independent School District 2198,169423,,NA
MN,Independent School District No. 001,167819,,NA
MN,Independent School District No. 181,167801,,NA
MN,Independent School District No. 194,167813,,NA
MN,Independent School District No. 199,1035651,,NA
MN,Independent School District No. 2155,34914,,NA
MN,Independent School District No. 2172,1035642,Indepdent School District No. 2172,2717100
MN,Independent School District No. 2174,81335,,NA
MN,Independent School District No. 2184,1035641,Luverne Independent School District 2184,2718330
MN,Independent School District No. 241,34834,,NA
MN,Independent School District No. 272,34837,,NA
MN,Independent School District No. 273,34838,,NA
MN,Independent School District No. 2889,1035645,Lake Park Audubon School District 2889,2700162
MN,Independent School District No. 2905,56107,,NA
MN,Independent School District No. 31,34807,,NA
MN,Independent School District No. 333,1035647,Ogilvie Independent School District No. 333,2723970
MN,Independent School District No. 51,34810,,NA
MN,Independent School District No. 535,34873,,NA
MN,Independent School District No. 544,167820,,NA
MN,Independent School District No. 553,1035649,,NA
MN,Independent School District No. 6070-50,169425,,NA
MN,Independent School District No. 625,34887,,NA
MN,Independent School District No. 690,1035650,,NA
MN,Independent School District No. 706,34896,,NA
MN,Independent School District No. 742,81329,,NA
MN,Independent School District No. 77,81348,,NA
MN,Independent School District No. 88,34813,,NA
MN,Independent School District No. 94,34814,,NA
MN,Inependent School District No. 16,167827,Spring Lake Park Independent School District No.16,2733330
MN,Lakes Country Service Cooperative,40828,,NA
MN,Minneapolis Public Schools Special School District No. 1,34840,Minneapolis Special School District No.1,2721240
MN,Minnesota Office of Higher Education,40499,,NA
MN,Northeast Metropolitan Intermediate School District No. 916,1035652,Northeast Metro Intermediate School District 916,2702264
MN,Northwest Service Cooperative,43663,,NA
MN,Perham Independent School District No. 549,196908,,NA
MN,Saint Paul Public Schools,1240701,,NA
MN,Southwest and West Central Service Cooperative,34857,,NA
MN,Special School District No. 6,42341,,NA
MO,Barton County R-1 School District,190080,,NA
MO,Consolidated School District No IV of Jackson County,35234,,NA
MO,Fort Zumwalt School District,35302,,NA
MO,Lawrence County R-9 School District,44607,,NA
MO,Lincoln County R-III School District,35260,,NA
MO,Pemiscot County Special School District,35283,,NA
MO,Reogranized School District R-II of Cape Girardeau County,167912,,NA
MO,Reorganized School Distict No IV of Jackson County,167913,,NA
MO,Reorganized School District No II of Barton County,167915,,NA
MO,Reorganized School District No. 1,167914,,NA
MO,Reorganized School District R-IV of Lincoln,167916,,NA
MO,Saint Charles R-VI School District,167917,,NA
MS,Carroll County School District,99101,,NA
MS,Hollandale School District,35087,,NA
MT,Bear Paw Cooperative,47377,,NA
MT,Big Sky Special Needs Cooperative,46803,Big Sky School K-12 District,3000654
MT,Bitterroot Special Education Cooperative,190128,,NA
MT,Livingston School District,81628,Livingston School District No. 4 _ 1,3016880
MT,Missoula Area Education Cooperative,43123,,NA
MT,Poplar Schools #9 & 9b,35420,Poplar Schools #9 _ 9B,3021240
MT,Prickly Pear Special Education Cooperative,35410,,NA
NC,Kipp Enc Public Schools,53871,,NA
NC,Sallie B Howard School,190199,,NA
ND,Lake Region Special Education District,224972,,NA
ND,Minot Air force Base Public School District No. 160,36830,,NA
ND,Morton-Sioux Special Education Unit,36817,,NA
ND,North Valley Area Career and Technology Center,36827,,NA
ND,Upper Valley Special Education District,36828,,NA
ND,Wil-Mac Multidistrict Special Education Unit,47416,,NA
NE,Antelope County School District No. 9,190329,,NA
NE,Board of Education of School District #83,197017,,NA
NE,Burt County School District No. 1,190383,,NA
NE,Cass County School District No. 1,108696,,NA
NE,"Crofton Community Schools, District No. 96",108934,Crofton Community Schools,3105630
NE,Dodge County School District No. 001,109135,,NA
NE,Doniphan-Trumbull Public Schools District No. 40,108954,,NA
NE,Douglas County School District #0001,35480,,NA
NE,Douglas County School District No. 10,109092,,NA
NE,Douglas County School District No. 54,109441,,NA
NE,Educational Service Unit No. 10,35469,,NA
NE,Educational Service Unit No. 2,35477,,NA
NE,Educational Service Unit No. 7,43078,,NA
NE,Ewing Public Schools District No. 29,190272,,NA
NE,Grant County School District No. 38-0011,196989,,NA
NE,Hall County School District 2,190279,,NA
NE,Harvard School District No. 18-0011,108741,Harvard School District No. 18 0011,3171550
NE,Homer Community School District No. 31R,190293,Homer Community School District No. 31 R,3172000
NE,Lancaster County School District 001,35487,,NA
NE,Nebraska Unified School District 1,108682,,NA
NE,Roseland School District No. 01-0123,108710,,NA
NE,Sarpy County School District No. 46,224533,,NA
NE,School District No. 55-0145,109716,,NA
NE,Scotts Bluff County School District No. 16,93980,,NA
NE,Warner School District Number I-74,190227,,NA
NE,Washington County School District No. 1,35503,,NA
NE,Wayne County School District No. 595,190396,,NA
NH,School Administration Unit 24,190413,,NA
NH,School Administrative Unit No. 16,35594,,NA
NH,School Administrative Unit No. 44,64964,,NA
NJ,Bergen County Special Services School District,42509,,NA
NJ,Bergen County Technical and Vocational High School District,42533,,NA
NJ,Bergenfield Board of Education,43070,,NA
NJ,Borough of Roselle School District,35882,,NA
NJ,Burlington County Institute of Technology,35613,,NA
NJ,City of Atlantic City Board of Education,81924,,NA
NJ,City of Elizabeth School District,46287,,NA
NJ,City of Orange Township Public Schools,108027,,NA
NJ,Colts Neck Township School District,168105,,NA
NJ,Cumberland County Board of Vocational Education,168034,,NA
NJ,Educational Services Commission of New Jersey,35821,,NA
NJ,Essex Regional Educational Services Commission,35785,,NA
NJ,Galloway Township Public School District,225132,Galloway Township School District,3405730
NJ,Gloucester County Special Services School District,42049,,NA
NJ,Gloucester County Vocational Technical School District,41175,,NA
NJ,Hackettstown School District,168104,,NA
NJ,Hudson County Schools of Technology,35621,,NA
NJ,Manchester Regional High School Board of Education,49358,,NA
NJ,Mercer County Special Services School District,35624,,NA
NJ,Middlesex County Vocational and Technical High Schools,35626,,NA
NJ,Montclair School District,168076,Montclair School District Township,3410560
NJ,Ocean City Board of Education,81960,,NA
NJ,Ocean County Vocational-Technical School District,225180,,NA
NJ,Pennsauken Township School District,197042,,NA
NJ,Roselle Park School District,35883,Rochelle Park School District,3414070
NJ,Salem County Vocational Technical School District,35634,,NA
NJ,Township of Middle Board of Education,197035,,NA
NJ,Union County Vocational-Technical Schools,40616,,NA
NJ,Wayne Township Public Schools,168122,Wayne Board of Education,3417280
NM,Central Region Educational Cooperative 5,40492,,NA
NM,Cuba Independent School District No. 62,44045,,NA
NM,Las Cruces Public Schools District No. 2,35936,,NA
NM,Region IX Education Cooperative,46777,,NA
NM,Regional Education Cooperative VII,40493,,NA
NY,Board of Cooperative Educational Services First Supervisory District of Erie County,40354,,NA
NY,Board of Cooperative Educational Services of Nassau County,45052,,NA
NY,Board of Cooperative Educational Services of Rockland County,36365,,NA
NY,Boces Genesee Livingston Steuben and Wyoming Counties,36222,,NA
NY,Boces Second Supervisory District of Monroe and Orleans Counties,197977,,NA
NY,Broome-Tioga Boces,36120,,NA
NY,Clinton-Essex-Warren-Washington Counties Boces,36154,,NA
NY,Dutchess County Board of Cooperative Educational Services,197096,,NA
NY,Eastern Suffolk Boces,41001,,NA
NY,Edgemont Union Free School District,1265354,,NA
NY,Greater Southern Tier Boces,36395,,NA
NY,"Hamilton, Fulton and Montgomery Counties  BOCES",36199,Hamilton Central School District,3613380
NY,Herkimer Central School District,168191,Herkimer Central School,3614220
NY,Jefferson-Lewis-Hamilton-Herkimer-Oneida Boces,36216,,NA
NY,Oneida Herkimer and Madison Counties Boces,36301,,NA
NY,Onondaga Cortland Madison Boces,36313,,NA
NY,Orange Ulster Boces,36333,,NA
NY,Orleans-Niagara Boces,36336,,NA
NY,Oswego County Board of Cooperative Educational Services,197102,,NA
NY,Otsego Northern Catskills BOCES,168209,,NA
NY,South Glens Falls Central School,36375,,NA
NY,Southern Westchester Boces,36479,,NA
NY,Ulster County Board of Cooperative Educational Services,43817,,NA
NY,Unatego Central School District,36348,,NA
NY,Washington Saratoga Warren Hamilton Essex Counties Boces,40423,,NA
NY,Western Suffolk Boces,36430,,NA
OH,Apollo Career Center,42336,,NA
OH,Ashland County-West Holmes Joint Vocational School District,36992,,NA
OH,Ashtabula County Educational Service Center,91093,,NA
OH,Ashtabula County Technical and Career Center,36999,,NA
OH,Athens-Meigs Educational Service Center,45721,,NA
OH,Auburn Vocational School District,41866,,NA
OH,Auglaize County Educational Service Center,52127,,NA
OH,Buckeye Joint Vocational School District,37290,,NA
OH,Buckeye Online School for Success,82667,,NA
OH,Butler County Educational Service Center,42985,,NA
OH,Butler Technology and Career Development Schools,46507,,NA
OH,Canton College Preparatory School,82703,,NA
OH,Canton Harbor High School,82705,,NA
OH,Capital City Career Prep High School,168650,,NA
OH,Career and Technology Education Centers of Licking County,37146,,NA
OH,Cascade Career Prep High School,168651,,NA
OH,Clay Avenue Community School,53699,,NA
OH,Collins Career Center,57390,,NA
OH,Columbiana County Career and Technical Center,82840,,NA
OH,Columbus Clippers,188320,,NA
OH,Constellation Schools Madison Community Elementary School District,82897,,NA
OH,Constellation Schools Old Brooklyn Community Elementary School District,82898,,NA
OH,Constellation Schools Parma Community,82900,,NA
OH,Constellation Schools Stockyard Community Elementary School District,82903,,NA
OH,Constellation Schools Westpark Community Elementary School District,82905,,NA
OH,Constellation Schools Westside Community School of the Arts,82907,,NA
OH,Coshocton County Career Center,82922,,NA
OH,Darke County Educational Service Center,43620,,NA
OH,Dayton Leadership Academies - Dayton View,65526,,NA
OH,Delaware Area Career Center,65590,Delaware City School District,3904387
OH,East Central Ohio Educational Service Center,41760,Eastern Local School District,3904851
OH,Eastland Fairfield Career and Technical Schools,197128,,NA
OH,Educational Service Center of Central Ohio,91095,,NA
OH,Educational Service Center of Lake Erie West,43936,,NA
OH,Educational Service Center of Northeast Ohio,37068,,NA
OH,Ehove Career Center,46503,,NA
OH,Four County Career Center,83122,,NA
OH,Foxfire High School,83125,,NA
OH,Gallia-Jackson-Vinton Joint Vocational School District,37095,,NA
OH,Gallia-Vinton Educational Service Center,51041,,NA
OH,Great Oaks Career Campuses,37116,,NA
OH,Greater Summit County Early Learning Center Elementary School,83225,,NA
OH,Greene County Vocational School District,83237,Green Local School District,3905055
OH,Hamilton County Educational Service Center,41864,,NA
OH,Hardin-Houston Local School District,83282,Hardin Houston Local School District,3904979
OH,Harrisburg Pike Community School,83288,,NA
OH,iLEAD Spring Meadows,83385,,NA
OH,Kids Care Elementary,83453,,NA
OH,Knox County Career Center,37133,,NA
OH,Lakeshore Intergenerational School,83485,Lake Local School District,3904986
OH,Life Skills - Lake Erie International High School,83539,,NA
OH,Life Skills Center of Elyria,83545,,NA
OH,Life Skills Invictus High School,83551,,NA
OH,Life Skills Marshall High School,83552,,NA
OH,Lighthouse Community School,83554,,NA
OH,Lorain Community School,190675,,NA
OH,Lorain County Joint Vocational School District,37160,,NA
OH,Madison Avenue School of Arts,54236,,NA
OH,Mahoning County Career and Technical Center,37174,,NA
OH,Mahoning County Educational Service Center,42308,,NA
OH,Mahoning Unlimited Classroom,83638,,NA
OH,Mason Run High School,83688,,NA
OH,Medina County Joint Vocational School District,83712,,NA
OH,Mercer County Educational Service Center,45659,,NA
OH,Miami Valley Academies,83751,,NA
OH,Miami Valley Career Technology Center,41691,,NA
OH,Mid-East Career and Technology Centers,83757,,NA
OH,Mid-Ohio Educational Service Center,65312,,NA
OH,Middle Bass Local School District,83759,,NA
OH,Midnimo Cross Cultural Middle School,83769,,NA
OH,Midwest Regional Educational Service Center,66036,,NA
OH,Montgomery County Educational Service Center,37196,,NA
OH,Mound Street Academies,83842,,NA
OH,Muskingum Valley Educational Service Center,43879,,NA
OH,New Albany Plain Local School District,51585,,NA
OH,Newbury Local School District,83915,,NA
OH,North Bass Local School District,83938,,NA
OH,North Central Ohio Educational Service Center,39606,,NA
OH,North Woods Career Prep High School,168660,,NA
OH,Northwest Ohio Educational Service Center,41867,,NA
OH,Ohio Digital Learning School,190704,,NA
OH,Ohio Hi-Point Joint Vocational School District,84002,,NA
OH,Pathway School of Discovery,51543,,NA
OH,Penta Career Center,37314,,NA
OH,Pickaway-Ross Career and Technology Center,84110,,NA
OH,Pike County Joint Vocational School District,84118,,NA
OH,Pioneer Career and Technology Center,84123,,NA
OH,Polaris Career Center,37069,,NA
OH,Portage Lakes Career Center,37272,,NA
OH,Putnam County Educational Service Center,37228,,NA
OH,Riverside Community School Inc,84246,,NA
OH,Ross-Pike Educational Service District,46519,,NA
OH,Scioto County Career Technical Center,37249,,NA
OH,Southern Ohio Educational Service Center,44854,,NA
OH,Springfield Clark Career Technology Center,84409,,NA
OH,Stark County Area Vocational School District,84428,,NA
OH,Stark County Educational Service Center,47572,,NA
OH,Summit Educational Service Center,84500,,NA
OH,The Graham School,84540,,NA
OH,Tolles Career and Technical Center,48590,,NA
OH,Tri-County Career Center,37003,,NA
OH,Tri-County Educational Service Center,65134,,NA
OH,Tri-Rivers Joint Vocational School District,37176,,NA
OH,Trumbull Career and Technical Center,37282,,NA
OH,U. S. Grant Joint Vocational School District,84609,,NA
OH,Upper Valley Career Center,37186,,NA
OH,Vanguard-Sentinel Career and Technology Centers,84655,,NA
OH,Vantage Career Center,84658,,NA
OH,Warren County Career Center,55912,,NA
OH,Warren County Educational Service Center,58375,,NA
OH,Washington County Career Center,37302,,NA
OH,Wood County Educational Service Center,40327,,NA
OH,Zanesville Community High School,84831,,NA
OK,Achille School District No. 1-3,146827,Achille School District I-003,4002370
OK,Agra School District No. 1-134,146836,Agra School District I-134,4002550
OK,Alva School District  No. 1-1,146847,Alva School District I-1,4002880
OK,Anadarko School District No. 1-20,198291,Anadarko School District No. I-20,4003000
OK,Antlers School District No. 1-13,146851,Antlers Public School District No. I-13,4003060
OK,Atoka School District No. 1-15,190734,,NA
OK,Barnsdall School District No. 1-29,146865,Barnsdall School District I-29,4003570
OK,Bartlesville School District No. 1-030,1239212,Bartlesville School District No.I-30,4003630
OK,Battiest Independent School District No. 1-71,146867,Battiest Public Schools I-71,4003660
OK,Beaver School District No. 1-22,146870,Beaver Independent School District No. I-22,4003750
OK,Bennington School District Number 1-40,146876,Bennington Independent School District No. I-40,4003930
OK,Big Pasture School District No. 1-333,146881,Big Pasture Public School District No. I-333,4004350
OK,Binger-Oney School District No. 1-168,146883,Binger-Oney School District No. I-168,4033603
OK,Bixby School District No. 1-4,168356,Bixby School District No. I-4,4004500
OK,Blair Independent School District No. 1-54,146888,Blair Independent School District No. I-54,4004650
OK,Bokoshe School District No. 1-26,44406,Bokoshe Independent Public School District No. I-26,4004950
OK,Boone-Apache School District No. 1-056,146893,Boone-Apache School District No. I-056,4005010
OK,Bray-Doyle School District No. 1-042,146898,Bray-Doyle Public Schools I-42,4005340
OK,Caddo Kiowa Technology Center School District No 2,37375,,NA
OK,Caddo School District No. 1-5,146920,Caddo School District I-5,4006150
OK,Calvin School District No. 1-048,146924,Calvin School District I-48,4006270
OK,Canadian School District No. 1-2,146931,Canadian School District No. I-2,4006390
OK,Canadian Valley Technology Center No.6,37378,,
OK,Caney Valley School District No. 1-18,190753,Caney Valley School District No. I-18,4025470
OK,Canute Independent School District No. 11,146935,Canute School District I-11,4006510
OK,Catoosa Public Schools I-2,190769,,NA
OK,Central High Independent School District No. 34,146943,,NA
OK,Central School District No. 1-7,190770,Central School District No. I-7,4007140
OK,Cheyenne Independent School District No. 7,146957,Cheyenne School District I-7,4007500
OK,Chickasha School District No. 1-001,168364,Chickasha School District No. I-001,4007560
OK,Chisholm School District No. 1-42,146959,Chisholm School District I-42,4021780
OK,Choctaw Nation Interlocal Cooperative School District Number 7-K002,148644,,NA
OK,Clayton School District No. 1-10,146979,Clayton Public Schools I-10,4007800
OK,Collinsville School District No. 1-6,326230,Collinsville School District No. I-6,4008370
OK,Cordell Independent School District No. 78,291018,Cordell School District I-78,4008640
OK,Coweta School District No. 1-017,227806,Coweta School District No I-17,4008850
OK,Coyle School District No. 1-14,400157,Coyle School District Number I-14,4008940
OK,Crooked Oak School District No. 1-053,190778,Crooked Oak School District No. I-053,4009060
OK,Crowder School District No. 1-028,227693,Crowder School District I-28,4009090
OK,Cushing School District 1-67,147028,Cushing School District I-67,4009240
OK,Cyril School District No. 1-064,147031,Cyril Public Schools I-64,4009300
OK,Dale School District No. 1-2,147033,Dale School District I-2,4009390
OK,Davenport School District No. 1-3,147035,Davenport School District I-3,4009450
OK,Dewar School District No. 1-008,147050,Dewar School District I-008,4009780
OK,Dewey School District No. 1-7,147053,Dewey Independent School District No I-7,4009810
OK,Dibble School District No. 1-002,227703,Dibble School District No. I-002,4009870
OK,Dickson School District No. 1-77,84877,Dickson School District I-77,4009910
OK,Dover Independent School District No. 2,147058,Dover School District I-2,4010050
OK,Duke School District No. 1-14,147061,Duke School District I-14,4010260
OK,Duncan School District No. 1-1,37492,Duncan School District I-1,4010290
OK,Durant School District No. 1-72,147063,Durant School District No. I-72,4010350
OK,Eagletown Independent School District No. 1-13,147064,Eagletown Public Schools I-13,4010440
OK,Elgin School District No. 1-16,190790,Elgin School District No. I-16,4010710
OK,Elmore City-Pernell School District No. 1-072,1239226,Elmore City-Pernell School District I-72,4010860
OK,Eufaula Independent School District No. 1,84883,Eufaula School District I-1,4011160
OK,Fairland School District No. 1-31,147079,Fairland School District I-31,4011250
OK,Fargo-Gage Independent School District No. 02,147083,Fargo-Gage School District I-2,4011430
OK,Felt School District No. 1-10,147084,Felt School District I-10,4011580
OK,Five Star Interlocal Cooperative,48680,,NA
OK,Fletcher School District No. 1-009,147085,Fletcher School District I- 9,4011700
OK,Forgan School District No. 1-123,147088,Forgan School District I-123,4011880
OK,Fort Cobb-Broxton School District No. 1-167,147089,Fort Cobb-Broxton Public Schools I-167,4033602
OK,Fort Supply School District No. 1-005,147091,Fort Supply School District I-5,4012000
OK,Foyil School District Number 1-7,147095,Foyil Public School District I-7,4012090
OK,Francis Tuttle Technology Center School District No. 21,37456,,NA
OK,Frederick Public School District No. 1-158,37494,Frederick Public School District I-158,4012150
OK,Gans School District No. 1-4,147101,Gans Public School District I-4,4012390
OK,Geary Independent School District No. 80,227699,Geary School District I-80,4012570
OK,Geronimo Independent School District No. 1-4,147113,Geronimo School District I-4,4012630
OK,Glencoe School District No. 60-1101,148680,Glencoe School District I-101,4012690
OK,Goodwell Independent School District No. 1-60,147117,Goodwell School District I-60,4012870
OK,Gore School District No. 1-6,291023,Gore School District No. I-6,4012900
OK,Gracemont Independent School District No. 86,147119,Gracemont School District I-86,4013080
OK,Grandfield School District No. 1-249,147128,Grandfield School District I-249,4013200
OK,Grandview School District No. Co34,37384,Grand View School District No. CO34,4013260
OK,Granite Independent School District No. 3,147130,Granite School District I-3,4013290
OK,Grant County Educational Facilities Authority,149585,,NA
OK,Greasy Public School District C-32,147131,,NA
OK,Great Plains Technology Center School District No.9,103048,,NA
OK,Grove School District No. 1-2,198299,Grove School District No. I-2,4013530
OK,Haileyville School District No. 1-11,148686,Haileyville School District I-11,4013620
OK,Hammon Independent School District No. 66,147145,Hammon School District I-66,4013650
OK,Hartshome School District No. 1,227838,Hartshorne Independent School District No.I-1,4013920
OK,Haskell Independent School District No. 51-1002,190813,Haskell School District No. I-2,4013950
OK,Haworth School District No. 1-006,1239223,Haworth School District I-6,4014080
OK,Healdton School District No. 1-055,147167,Healdton School District I-55,4014130
OK,Henryetta School District No. 1-2,147171,Henryetta Public School District No. I-2,4014370
OK,Hilldale Independent School District No. 1-29,227707,,NA
OK,Hinton School District No. 1-161,147174,Hinton Public Schools I-161,4014610
OK,Hobart School District No. 1-001,190818,Hobart School District No. I-001,4014700
OK,Holdenville School District No. 1-35,168377,Holdenville School District No.I -35,4014790
OK,Hollis Independent School District No. 1-66,147179,Hollis School District I-66,4014850
OK,Hominy School District No. 1-38,147181,Hominy School District I-38,4014970
OK,Hooker School District Number 1-23,147183,Hooker School District I-23,4015090
OK,Hugo School District No. 1-39,84918,Hugo Public School District I-39,4015210
OK,Hydro-Eakly Independent School District No. 11,398901,Hydro-Eakly School District I-11,4000032
OK,Idabel School District No. 1-005,147193,Idabel Public Schools,4015370
OK,Inola School District No. 1-5,44459,Inola Public School District I-5,4015480
OK,Jay School District No. 1-1,190826,Jay School District No. I-1,4015690
OK,Jenks School District No. 1-5,84923,Jenks Public School District No. I-5,4015720
OK,Jones School District No. 1-9,37452,Jones School District I-9,4015840
OK,Keota School District No. 1-43,44104,Keota Public School District I-43,4016350
OK,Keyes School District I-11,147224,Kiefer Public School District I-18,4016500
OK,Kiamichi Technology Center No. 7,37418,,
OK,Kiefer School District No. 1-18,147229,Kiefer Public School District I-18,4016500
OK,Kingston School District No. 1-3,84929,Kingston Public School District I-3,4016590
OK,Kinta School District No. 1-13,291005,Kinta Public School District I-13,4016620
OK,Laverne School District No. 1-001,147250,Laverne Public Schools I-1,4017220
OK,Leedey Independent School District No. 3,147264,Leedey Public School District I-3,4017370
OK,LeFlore School District No. 1-016,227708,Leflore School District No. I-016,4017280
OK,Liberty School District No. 1-14,148710,Liberty School District I-14 Tulsa County,4017760
OK,Little Axe School District No. 1-70,84934,Little Axe Public School District I-70,4017880
OK,Lomega Independent School District No. 3,147278,Lomega School District I-3,4022950
OK,Lone Wolf School District No. 1-2,147281,Lone Wolf School District I-2,4018270
OK,Lookeba-Sickles School District No. 1-012,147282,Lookeba-Sickles School District No. I-012,4018390
OK,Marietta School District No. 1-16,99160,Marietta School District I-16,4018990
OK,Maud Independent School District No. 1-117,84937,Maud Independent School District No. I-117,4019290
OK,Meeker School District No. 1-95,147318,Meeker School District Number I-95,4019680
OK,Minco Independent School District No. 2,147332,Minco School District I-2,4020100
OK,Moore Norman Technology Center District 17,84944,,NA
OK,Moore School District No. 1-2,37388,Moore School District I-2,4020250
OK,Mooreland Independent School District No. 2,147337,Mooreland School District I-2,4020280
OK,Morrison School District No. 1-6,147339,Morrison School District I-6,4020340
OK,Moss School District No. 1-001,147341,Moss School District I-1,4020460
OK,Mulhall-Orlando Independent School District No. 42-1003,147345,,NA
OK,Mustang Independent School District No. 69,227877,Mustang Independent School District No.I-69,4021000
OK,Navajo Independent School District No. 1,147362,Navajo Public Schools I-1,4021180
OK,Noble School District No. 1-40,37389,Noble School District I-40,4021630
OK,North Rock Creek School District C-10,200042,,NA
OK,Nowata School District No. 1-040,148753,Nowata Public Schools I-40,4021930
OK,Oaks Mission School District Number I-5,147389,Oaks Mission Public School District I-5,4022410
OK,Okarche Independent School District No. 1-105,147391,Okarche School District I-105,4022590
OK,Okay Independent School District No. 73-1001,147392,Okay School District I-1,4022620
OK,Okeene Independent School District No. 1-9,147394,Okeene School District I-9,4022650
OK,Okemah School District No. 1-26,197304,Okemah Public School District No. I-26,4006850
OK,Okmulgee School District No. 1-1,94013,Okmulgee Public Schools I-1,4022800
OK,Olive School District No. 1-17,147454,Olive Public Schools I-17,4022860
OK,Olustee-Eldorado Independent School District No. 40,147455,Olustee-Eldorado Public Schools I-40,4000797
OK,Oologah-Talala School District No. 1-4,198305,Oologah-Talala School District No. I-4,4023040
OK,Osage County Interlocal Cooperative School District 57 K-001,37462,,NA
OK,Owasso School District No. 1-11,37499,Owasso School District I-11,4023280
OK,Paoli School District No. 1-005,147470,Paoli School District I-5,4023430
OK,Pauls Valley School District No. 1-018,225992,Pauls Valley Public Schools I-18,4023550
OK,Pawnee School District No. 1-1,281439,Pawnee School District I-1,4023610
OK,Perkins-Tryon School District No. 1-56,400225,Perkins-Tryon School District Number I-56,4023800
OK,Pioneer-Pleasant Vale School District No. 1-56,147492,Pioneer-Pleasant Vale School District I-56,4024510
OK,Plainview School District No. 1-27,147498,Plainview School District I-27,4024240
OK,Pocola School District No. 1-007,84964,Pocola School District I-7,4024630
OK,Prue School District No. 1-50,147518,Prue School District Number I-50,4025170
OK,Quapaw School District No. 1-14,37464,Quapaw Public School District I-14,4025320
OK,Ripley School District No. 1-3,227722,Ripley School District I-3,4025950
OK,Roff Independent School District No. 1-37,147543,Roff School District I-37,4026280
OK,Rush Springs Independent School District No. 68,147556,Rush Springs School District I-68,4026550
OK,Sand Springs School District No. 1-2,190915,Sand Springs School District Number I-2,4026880
OK,Sapulpa School District No. 1-33,37398,Sapulpa Public School District I-33,4026910
OK,Sasakwa School District No. 1-10,149538,Sasakwa School District I-10,4026940
OK,Savanna School District No. 1-30,170959,Savanna School District No. I-30,4027000
OK,Schulter School District No. 1-006,147570,Schulter School District I-6,4027090
OK,Seiling Independent School District No. 8,147572,Seiling Public Schools I-8,4027240
OK,Seminole School District No. 1-1,190906,Seminole Public School District No. I-1,4027300
OK,Sentinel Independent School District No. 1,147580,Sentinel Public Schools I-1,4027330
OK,Silo School District No. 1-1,147593,Silo Public School District No. I-1,4027640
OK,South Coffeyville School District No. 1-51,282701,South Coffeyville Public School District I-51,4026640
OK,South Oklahoma City Area School District,147600,,NA
OK,Southern Oklahoma Technology Center V-20,65192,,NA
OK,Sovereign Community School District No. J-4,168683,,NA
OK,Sterling School District No. 1-3,148819,Sterling School District I-3,4028590
OK,Stonewall School District No. 1-030,147620,Stonewall School District No. I-030,4028800
OK,Stuart School District No. 1-054,190921,Stuart School District I-54,4029100
OK,Sulphur School District No. 1-1,91100,Sulphur School District I-1,4029160
OK,Tahlequah School District No. 1-035,227943,Tahlequah School District No. I-035,4029380
OK,Talihina School District No. 1-52,147639,Talihina School District I-52,4029400
OK,Tecumseh School District No. 1-92,170960,Tecumseh School District No. I-92,4029610
OK,Temple School District No. 1-101,147645,Temple Public Schools I-101,4029640
OK,Thomas-Fay-Custer Unified Independent School District No. 1-07,147656,Thomas-Fay-Custer Unified School District I-07,4000015
OK,Tipton Independent School District No. 8,147658,Tipton School District I-8,4030030
OK,"Tri-County Interlocal Co-Op, School District K001",46042,,NA
OK,Tulsa Technology Center No. 18,41367,,NA
OK,Tuttle School District No. 1-097,168412,Tuttle School District No. I-097,4030420
OK,Tyrone School District No. 1-53,147686,Tyrone Public School District I-53,4030480
OK,Union City Independent School District No. 57,147689,Union City School District I-57,4030630
OK,Valliant School District No. 1-11,149550,Valliant School District No. I-11,4030870
OK,Verden School District No. 1-099,147701,Verden School District I-99,4031080
OK,Verdigris School District No. 1-8,227742,Verdigris School District No. I-8,4031110
OK,Vici Independent School District No. 5,147705,Vici School District I-5,4031170
OK,Vinita School District No. 1-65,190931,Vinita School District No. I-65,4031290
OK,Walters School District No. 1-001,147714,Walters School District No. I-001,4031470
OK,Watonga Independent School District No. 42,37368,Watonga Public Schools I-42,4031770
OK,Wayne Independent School District No. 10,147727,Wayne Public Schools I-10,4032010
OK,Waynoka School District No. 1-3,147728,Waynoka School District I-3,4032040
OK,Weatherford Independent School District No. 26,37400,Weatherford School District I-26,4032070
OK,Welch School District No. 1-17,147731,Welch School District I-17,4032190
OK,Weleetka School District No. 1-31,147732,Weleetka School District No. I-31,4032220
OK,Wellston School District No. 1-4,147733,Wellston School District No. I-4,4032280
OK,Wetumka School District No. 1-005,1239225,Wetumka School District No. I-5,4032430
OK,Wilson School District No. 1-43,147751,Wilson Public Schools I-43 Carter County,4032880
OK,Woodward District No. 1-1,37507,Woodward School District I-1,4033180
OK,Wynona School District No. 1-30,147765,Wynona School District I-30,4033330
OK,Yarbrough School District No. 1-1,147767,Yarbrough School District I-1,4033390
OK,Zion School District No. C028,65021,,NA
OR,Annex School District No. 29,86249,,NA
OR,Arlington School District No. 3,85692,,NA
OR,Benton County School District 7j,90838,,NA
OR,Blachly School District No. 90,86129,,NA
OR,Burnt River School District No. 30-J,90967,,NA
OR,Center for Advanced Learning,85223,,NA
OR,Clackamas County School District No. 108,90958,,NA
OR,Clackamas Education Service District,164419,,NA
OR,Columbia Gorge Education Service District,153351,,NA
OR,Condon School District No. 25J,85691,Condon School District No. 25 J,4103330
OR,Coos County School District No. 13,90823,,NA
OR,Coos County School District No. 31,85391,,NA
OR,Coos County School District No. 41,85392,,NA
OR,Coos County School District No. 54,228087,,NA
OR,Corbett School District No. 39,190981,,NA
OR,Deschutes County School District 1,37616,,NA
OR,Douglas County School District No. 12,85526,,NA
OR,Douglas County School District No. 19,86943,,NA
OR,Douglas County School District No. 21,85193,,NA
OR,Douglas County School District No. 32,85531,,NA
OR,Douglas County School District No. 34,85532,,NA
OR,Douglas County School District No. 4,90860,,NA
OR,Douglas County School District No. 70,85534,,NA
OR,Douglas Education Service District,190960,,NA
OR,Fossil School District 21j,85664,,NA
OR,Grant County Educational Service District,85722,,NA
OR,Grant County School District 16j,90914,,NA
OR,Grant County School District No. 4,85730,,NA
OR,Harney County Educational Service District Region XVII,164421,,NA
OR,Harney County School District No. 13,85770,,NA
OR,Harney County School District No. 16,85779,,NA
OR,Harney County School District No. 28,85781,,NA
OR,Harney County School District No. 4,85784,,NA
OR,Harney County School District No. 5,85785,,NA
OR,Harney County School District No. 7,85786,,NA
OR,Harper School District No. 66,86253,,NA
OR,High Desert Education Service District,197340,,NA
OR,Huntington School District No. 16J,90820,,NA
OR,Insight School of Oregon Painted Hills,85894,,NA
OR,Intermountain Educational Service District,55430,,NA
OR,Ione School District 2,85902,,NA
OR,Jackson County School District 549c,37631,,NA
OR,Jackson County School District No. 35,85926,,NA
OR,Jackson County School District No. 4,85927,,NA
OR,Jackson County School District No. 5,90887,,NA
OR,Jackson County School District No. 59,85930,,NA
OR,Jackson County School District No. 6,85931,,NA
OR,Jackson County School District No. 9,85558,,NA
OR,Jackson County School District No. 91,85933,,NA
OR,Jackson County School District No. 94,85934,,NA
OR,Jane Goodall Environmental Middle School,85942,,NA
OR,Jefferson County Educational Service District,85953,,NA
OR,Jefferson County School District No. 8,85959,,NA
OR,Lake County Educational Service District,164427,,NA
OR,Lake County School District No. 11,190992,,NA
OR,Lake County School District No. 14,86084,,NA
OR,Lake County School District No. 18,86085,,NA
OR,Lake County School District No. 21,86086,,NA
OR,Lane County School District No. 32,86118,,NA
OR,Lane County School District No. 4j,94017,,NA
OR,Lane Education Service District,86132,,NA
OR,Lane Library District,86134,,NA
OR,Linn-Benton-Lincoln Educational Service District,164429,,NA
OR,Malheur County School District No. 12,90883,,NA
OR,Malheur Educational Service District,164430,,NA
OR,Mckenzie School District No. 68,86311,,NA
OR,Mosier Community School,86419,,NA
OR,Multnomah County School District No. 1J,37671,,NA
OR,Multnomah County School District No. 3,86450,,NA
OR,Multnomah County School District No. 7,197346,,NA
OR,Multnomah Education Service District,164432,,NA
OR,North Central Educational Service District,164433,,NA
OR,North Powder School District,87147,,NA
OR,Northwest Regional Education Service District,164434,,NA
OR,Pine Eagle School District No. 61,86652,,NA
OR,Region 18 Educational Service District,153367,,NA
OR,Sage Community School,86818,,NA
OR,Siletz Valley School,86888,,NA
OR,South Coast Educational Service District,164439,,NA
OR,South Columbia Family School,86926,,NA
OR,South Harney School District No. 33,85783,,NA
OR,Southern Oregon Education Service District,191001,,NA
OR,Springwater Environmental Sciences School,86961,,NA
OR,The Emerson School,190961,,NA
OR,The Lighthouse School,190977,,NA
OR,Umatilla County School District No. 8R,87124,,NA
OR,Union County School District 23,90888,,NA
OR,Union County School District No. 1,87143,,NA
OR,Union County School District No. 11,85890,,NA
OR,Union County School District No. 15,87144,,NA
OR,Union High School District No. 1j,85780,,NA
OR,Wahtonka Community School,190996,,NA
OR,Wallowa School District #12,87209,,NA
OR,Wasco County School District No. 29,90886,,NA
OR,Wheeler County School District No. 1,87300,,NA
OR,Willamette Education Service District,197358,,NA
PA,Appalachia Intermediate Unit 8,60736,,NA
PA,Arin Intermediate Unit 28,38009,,NA
PA,Beaver Valley Intermediate Unit,37872,,NA
PA,Berks Career and Technology Center,95696,,NA
PA,Berks County Intermediate Unit,400715,,NA
PA,Blast Intermediate Unit 17,38074,,NA
PA,Bucks County Intermediate Unit 22,151326,,NA
PA,Bucks County Technical High School,42507,,NA
PA,Capital Area Intermediate Unit,37958,,NA
PA,Carbon Lehigh Intermediate Unit 21,38055,,NA
PA,Career Technology Center of Lackawanna County,87518,,NA
PA,Central Susquehanna Intermediate Unit No. 16,153402,,NA
PA,Clearfield County Career and Technology Center,37948,,NA
PA,Colonial Intermediate Unit 20,38112,,NA
PA,Dauphin County Technical School,37966,,NA
PA,Delaware County Technical Schools,197364,,NA
PA,Delaware Intermediate Unit County,151348,,NA
PA,Eastern Center for Arts and Technology,38103,,NA
PA,Greater Altoona Career and Technology Center,37893,,NA
PA,Greater Johnstown Area Vocational Technical School,37923,,NA
PA,Indiana County Technology Center,38008,,NA
PA,Jefferson County-Dubois Area Vocational Technical School,65034,,NA
PA,Lancaster County Career and Technology Center,41216,,NA
PA,Lancaster-Lebanon Intermediate Unit 13,38038,,NA
PA,Lebanon County Career and Technology Center,38049,,NA
PA,Lehigh Career and Technical Institute,46359,,NA
PA,Lenape Technical School,37862,,NA
PA,Luzerne Intermediate Unit,38066,,NA
PA,Montgomery County Intermediate Unit,151386,,NA
PA,Northeastern Educational Intermediate Unit,38023,,NA
PA,Northeastern School District,38192,,NA
PA,Northwest Tri-County Intermediate Unit,228813,,NA
PA,Pittsburgh-Mount Oliver Intermediate Unit 2,37852,,NA
PA,Riverview Intermediate Unit 6,37940,,NA
PA,School District of the City of York,87500,,NA
PA,Schuylkill Technology Center,38133,,NA
PA,Seneca Highlands Intermediate Unit Nine,42756,,NA
PA,Somerset County Technology Center,55884,,NA
PA,Tuscarora Intermediate Unit 11,38081,,NA
PA,Venango Technology Center,38154,,NA
PA,Wilkes-Barre Area Career and Technical Center,38068,,NA
PA,York County School of Technology,38200,,NA
SC,Clover School District Number Two,45162,,NA
SC,Denmark-Olar School District No. Two of Bamberg County,168833,,NA
SC,Fort Mill School District Four,38374,,NA
SC,Greenwood County School District 51,38343,,NA
SC,Laurens County School District 56,38350,,NA
SC,Rock Hill School District Three,38375,Rock Hill School District 3,4503870
SD,Black Hills Special Services Cooperative,38433,,NA
SD,Canton School District No. 41,1035653,Canton School District 41-1,4610560
SD,Cornbelt Educational Cooperative,65042,,NA
SD,Crazy Horse School,153631,,NA
SD,Little Eagle Grant School,103098,,NA
SD,Redfield School District No. 56,1035654,,NA
SD,South Central Cooperative,54697,,NA
SD,Southeast Area Cooperative,38445,,NA
TN,Alamo City Schools,106528,,NA
TN,Athens City Board of Education,40334,,NA
TN,Bells City School,106569,,NA
TN,Bells City School Board of Education,106570,,NA
TN,Board of Education Town of Greeneville,401769,,NA
TN,Collierville City Schools,106715,,NA
TN,Compass Community Schools,168875,,NA
TN,Crosstown High School,106744,,NA
TN,Explore Community School,106829,,NA
TN,Greeneville-Greene County Center for Technology,106895,,NA
TN,Humboldt Board of Education,106978,,NA
TN,Kenton Special School District,107060,,NA
TN,Lenoir City Schools,107101,,NA
TN,Lexington City School System,107110,,NA
TN,Little Tennessee Valley Educational Cooperative,198024,,NA
TN,Metropolitan Nashville Public Schools,107203,,NA
TN,Millington Municipal Schools Internal School Funds,107215,,NA
TN,Oak Ridge City School fund,107280,,NA
TN,Perea Elementary School,107307,,NA
TN,Robertson County Schools,401793,,NA
TN,Shelby County Schools,107431,,NA
TN,Tennessee School Boards Unemployment Compensation Trust,107402,,NA
TN,The Franklin County School Department,151433,,NA
TN,Union City Schools,107534,,NA
TN,Z--Cart Test,191336,,NA
TX,Ector Independent School District,163559,,NA
TX,Education Service Center Region 10,45474,,NA
TX,Education Service Center Region 11,40486,,NA
TX,Education Service Center Region XIV,40358,,NA
TX,Education Service Center Region XV,40219,,NA
TX,Harris County Department of Education,40864,,NA
TX,Higgins Independent School District,163651,,NA
TX,Region 16 Education Service Center,39146,,NA
TX,Region 17 Education Service Center,40357,,NA
TX,Region 18 Education Service Center,41696,,NA
TX,Region 19 Education Service Center,38927,,NA
TX,Region 9 Education Service Center,39246,,NA
TX,Region III Education Service Center,39230,,NA
TX,Region VII Education Service Center,41686,,NA
TX,Region VIII Education Service Center,39207,,NA
TX,Terrell County Independent School District,164100,Terrell Independent School District,4842450
UT,Bridge Elementary,169058,,NA
UT,Central Utah Educational Services,102367,,NA
UT,Medical School Campus PID,197631,,NA
UT,Northeastern Utah Educational Services,102418,,NA
UT,Salt Lake City Open Classroom,197633,,NA
UT,The Winter Sports School in Park City,102449,,NA
UT,Uintah River High School,102455,,NA
UT,Walden School of Liberal Arts,102465,,NA
VT,Barre Unified Union School District No. 97,197885,Barre Unified Union School District #97,5000445
VT,Bennington-Rutland Supervisory Union,39364,,NA
VT,Caledonia Central Supervisory Union,44828,,NA
VT,Franklin Northeast Supervisory Union,43329,,NA
VT,Franklin West Supervisory Union,39373,,NA
VT,Grand Isle Supervisory Union,39374,,NA
VT,Lamoille North Supervisory Union,39375,,NA
VT,North Country Supervisory Union,39378,North Country Supervisory Union,5099931
VT,Orange East Supervisory Union,39376,,NA
VT,Orange Southwest School District,59303,Orange Southwest Unified District,5000400
VT,Orleans Central Supervisory Union,39377,,NA
VT,Orleans Southwest Supervisory Union,39379,,NA
VT,Rutland Northeast Supervisory Union,39382,Rutland Town School District,5007080
VT,St. Johnsbury School District,94032,St Johnsbury Town School District,5007650
VT,Two Rivers Supervisory Union,57407,,NA
VT,Windham Central Supervisory Union,39386,,NA
VT,Windham Northeast Supervisory Union,39387,,NA
VT,Windham Southeast School District,169242,,NA
VT,Windham Southeast Supervisory Union,39388,,NA
VT,Windham Southwest Supervisory Union,46659,,NA
VT,Windsor Central Supervisory Union,48634,,NA
VT,Windsor Southeast Supervisory Union,39390,,NA
WA,North Central Educational Service District No. 171,48842,,NA
WA,Olympic Educational Service District No. 114,39652,,NA
WA,United Schools Insurance Program,89386,,NA
WI,Kenosha Unified School District,39994,Kenosha Unified School District No.1,5507320
WV,Southern Educational Services Cooperative,66409,,NA
WY,Big Horn County School District No. 2,40142,Big Horn County School District Number 2,5601460